{"cameraMode":{"drawMode":0,"name":"Shaded","section":"Shading Mode"},"sceneLighting":false,"audioPlay":false,"sceneViewState":{"m_AlwaysRefresh":false,"showFog":true,"showSkybox":false,"showFlares":true,"showImageEffects":true,"showParticleSystems":true,"showVisualEffectGraphs":true,"m_FxEnabled":true},"in2DMode":false,"pivot":{"x":-0.14208418130874635,"y":-0.15303710103034974,"z":6.137429714202881},"rotation":{"x":-0.1748497039079666,"y":-0.11607827991247177,"z":0.02076129987835884,"w":-0.9775144457817078},"size":0.7840653657913208,"orthographic":false}