{"cameraMode":{"drawMode":0,"name":"Shaded","section":"Shading Mode"},"sceneLighting":false,"audioPlay":false,"sceneViewState":{"m_AlwaysRefresh":false,"showFog":true,"showSkybox":false,"showFlares":true,"showImageEffects":true,"showParticleSystems":true,"showVisualEffectGraphs":true,"m_FxEnabled":true},"in2DMode":false,"pivot":{"x":0.05899238586425781,"y":-1.1013283729553223,"z":2.4476168155670168},"rotation":{"x":0.16978394985198975,"y":0.5643563270568848,"z":-0.11993327736854553,"w":0.798933207988739},"size":6.514304161071777,"orthographic":false}