{"cameraMode":{"drawMode":0,"name":"Shaded","section":"Shading Mode"},"sceneLighting":false,"audioPlay":false,"sceneViewState":{"m_AlwaysRefresh":false,"showFog":true,"showSkybox":false,"showFlares":true,"showImageEffects":true,"showParticleSystems":true,"showVisualEffectGraphs":true,"m_FxEnabled":true},"in2DMode":false,"pivot":{"x":0.09895205497741699,"y":0.5971746444702148,"z":5.3454132080078129},"rotation":{"x":0.23723706603050233,"y":0.44921863079071047,"z":-0.12505027651786805,"w":0.8522245287895203},"size":0.9351213574409485,"orthographic":false}