{"cameraMode":{"drawMode":0,"name":"Shaded","section":"Shading Mode"},"sceneLighting":true,"audioPlay":false,"sceneViewState":{"m_AlwaysRefresh":false,"showFog":true,"showSkybox":true,"showFlares":true,"showImageEffects":true,"showParticleSystems":true,"showVisualEffectGraphs":true,"m_FxEnabled":true},"in2DMode":false,"pivot":{"x":3.1969385147094728,"y":3.0629444122314455,"z":1.7964706420898438},"rotation":{"x":0.3351925313472748,"y":0.34929248690605166,"z":-0.13543635606765748,"w":0.8644660115242004},"size":7.899134159088135,"orthographic":false}